tconst	titleType	primaryTitle	originalTitle	isAdult	startYear	endYear	runtimeMinutes	genres
tt6274394	movie	Sea to Sky	Sea to Sky	0	2017	\N	\N	Comedy
tt0922980	movie	Non uccidere!	Non uccidere!	0	1920	\N	\N	\N
tt14111646	movie	En attendant la nuit	En attendant la nuit	0	2021	\N	\N	Documentary
tt0065202	movie	Weite Strassen stille Liebe	Weite Strassen stille Liebe	0	1969	\N	76	Comedy,Drama,Romance
tt1777639	movie	Y el río sigue corriendo	Y el río sigue corriendo	0	2010	\N	70	Documentary
tt2950408	movie	Kôshoku onsen geisha: Hitô nozoki	Kôshoku onsen geisha: Hitô nozoki	0	1995	\N	60	\N
tt2609684	movie	Shinkon nureppa nashi	Shinkon nureppa nashi	0	1991	\N	60	\N
tt5654044	movie	Fuck Off 2 - Images from Finland	Perkele 2: Kuvia Suomesta vuonna 2016	0	2017	\N	89	Documentary
tt1547032	movie	Wright Street	Wright Street	0	2010	\N	120	Drama,Mystery
tt5302918	movie	Nyad	Nyad	0	\N	\N	\N	Drama
tt0843566	movie	Mudraks	Mudraks	0	2006	\N	\N	Drama
tt13923062	movie	What's the Holdup?	What's the Holdup?	0	\N	\N	\N	Comedy
tt1267192	movie	Singularity	Singularity	0	2008	\N	52	Sci-Fi
tt3682706	movie	Just My Luck!	Just My Luck!	0	1987	\N	\N	Comedy
tt0219060	movie	Die glücklichen Minuten des Georg Hauser	Die glücklichen Minuten des Georg Hauser	0	1974	\N	80	\N
tt0972552	movie	Dickie Smalls: From Shame to Fame	Dickie Smalls: From Shame to Fame	0	2007	\N	95	Comedy
tt10379140	movie	Trash Arts Killers: Volume Two	Trash Arts Killers: Volume Two	0	2019	\N	\N	Horror
tt0077301	movie	Love Letters of a Nun	Cartas de amor de una monja	0	1978	\N	110	Drama
tt2305360	movie	To the Holy Ground!	Seichi e!	0	2011	\N	118	Comedy,Drama
tt7732652	movie	Cidade do Aço	Cidade do Aço	0	2017	\N	\N	Comedy,Drama
tt6467346	movie	A Storm in a Teacup	Da jing xiao guai	0	1989	\N	\N	Comedy,Drama
tt1538216	movie	Aleyar Alo	Aleyar Alo	0	1970	\N	\N	Drama
tt6899026	movie	It's Always Sunny in Philadelphia: Cast & Creators Live at the Paley Center	It's Always Sunny in Philadelphia: Cast & Creators Live at the Paley Center	0	2010	\N	73	Comedy
tt1778350	movie	The General Specific	The General Specific	0	2011	\N	58	Drama
tt1445722	movie	Pudhiya Vanam	Pudhiya Vanam	0	1988	\N	\N	\N
tt9233624	movie	Christmas In Transylvania	Christmas In Transylvania	0	\N	\N	\N	Drama
tt3249714	movie	Album 61	Album 61	0	2013	\N	70	Biography,Documentary
tt3505110	movie	Darker Than You Think	Darker Than You Think	0	\N	\N	133	Fantasy,Sci-Fi
tt14843900	movie	Hrudaya Haadithu	Hrudaya Haadithu	0	1991	\N	144	\N
tt0226230	movie	Nurses: The Heart of the System	Nurses: The Heart of the System	0	1992	\N	\N	Documentary
tt0065265	movie	The Stud	L'étalon	0	1970	\N	90	Comedy
tt0431859	movie	Kigeki: Ase	Kigeki: Ase	0	1929	\N	\N	Drama
tt0370005	movie	The Student	El telmiza	0	1962	\N	\N	\N
tt3115440	movie	Mapudungun	Mapudungun	0	2014	\N	\N	Documentary
tt5195390	movie	Grand Hotel	Grand Hotel	0	2016	\N	95	Comedy,Drama
tt4132230	movie	Chet Zar: I Like to Paint Monsters	Chet Zar: I Like to Paint Monsters	0	2015	\N	80	Biography,Documentary,Thriller
tt0068853	movie	The Life and Times of Judge Roy Bean	The Life and Times of Judge Roy Bean	0	1972	\N	120	Comedy,Drama,Romance
tt8473920	movie	O Canna-Da	O Canna-Da	0	\N	\N	\N	Documentary
tt7316574	movie	Subterfuge	Subterfuge	0	\N	\N	\N	Action,Drama
tt0311970	movie	Vanessa	Vanessa	0	1972	\N	85	Drama
tt4459144	movie	Basket of Dreams: Salado	Basket of Dreams: Salado	0	2015	\N	67	Documentary
tt0342815	movie	The Bad Tempered Man	El namrud	0	1956	\N	\N	Crime,Drama
tt11089710	movie	The Spike	The Spike	0	\N	\N	\N	Thriller
tt3238924	movie	The Fort	The Fort	0	2020	\N	70	Drama,War
tt10432860	movie	Ijime hentai	Ijime hentai	0	1989	\N	61	\N
tt10505484	movie	Fagot	Fagot	0	2018	\N	\N	\N
tt14757852	movie	One Pine; Hundred Sparrows	One Pine; Hundred Sparrows	0	2021	\N	65	Documentary
tt7852462	movie	Plains High	Plains High	0	2018	\N	\N	Action
tt1864272	movie	Bomb!	Bomb!	0	2009	\N	71	Comedy
tt3100964	movie	Satsujinhan Nanatsu no Kao	Satsujinhan Nanatsu no Kao	0	1959	\N	51	Crime
tt4105564	movie	A Corner of Heaven	Tiantang jiaoluo	0	2014	\N	94	Adventure,Drama,Family
tt14695576	movie	Phonies	Phonies	0	2021	\N	\N	Mystery
tt1413869	movie	Free and Easy 20	Tsuribaka nisshi 20	0	2009	\N	116	Comedy
tt2064923	movie	Finding Joy	Finding Joy	0	2011	\N	75	Drama
tt0811095	movie	Svyato	Svyato	0	2005	\N	45	Documentary
tt0448744	movie	Shaheed-E-Mohabbat	Shaheed-E-Mohabbat	0	1936	\N	\N	\N
tt3185500	movie	Stray	Stray	0	\N	\N	\N	Drama,Horror
tt0025150	movie	Fugitive Lady	Fugitive Lady	0	1934	\N	66	Crime,Drama,Romance
tt0100528	movie	The Runestone	The Runestone	0	1991	\N	105	Adventure,Comedy,Fantasy
tt11707194	movie	Spindrift's Haunted West	Spindrift's Haunted West	0	2020	\N	77	Documentary
tt0442555	movie	Violentadores de Meninas Virgens	Violentadores de Meninas Virgens	0	1983	\N	82	Crime
tt4817248	movie	The Greedy Tiffany	Nenasytná Tiffany	0	2015	\N	\N	Comedy,Fantasy,Horror
tt0022229	movie	Magic Night	Good Night, Vienna	0	1932	\N	75	Comedy,Musical,Romance
tt4651770	movie	I Will Not Be Silenced	I Will Not Be Silenced	0	2015	\N	84	Documentary
tt11804128	movie	Prophétie	Prophétie	0	1997	\N	94	Drama
tt3317022	movie	Raise Your Kids on Seltzer	Raise Your Kids on Seltzer	0	2015	\N	107	Comedy,Drama,Thriller
tt10779076	movie	Kenun kyoraku fukei: kôhen	Kenun kyoraku fukei: kôhen	0	1933	\N	\N	Drama
tt0144637	movie	Tequila Body Shots	Tequila Body Shots	0	1999	\N	97	Comedy,Horror,Thriller
tt2801316	movie	La Pantalla Desnuda	La Pantalla Desnuda	0	2014	\N	95	Drama
tt3209808	movie	Pageant Men	Pageant Men	0	\N	\N	\N	Comedy
tt0273758	movie	Pigalle Girl	Ma mère me prostitue	1	1982	\N	72	Adult
tt2488496	movie	Star Wars: Episode VII - The Force Awakens	Star Wars: Episode VII - The Force Awakens	0	2015	\N	138	Action,Adventure,Sci-Fi
tt0263952	movie	Rubbish	Rubbish	0	1996	\N	\N	Documentary
tt2719830	movie	Cyrano de Bergerac	Cyrano de Bergerac	0	2012	\N	146	Drama,Music
tt11347920	movie	Bad Hombres	Bad Hombres	0	\N	\N	\N	Action,Crime,Thriller
tt0043860	movie	No Place for Jennifer	No Place for Jennifer	0	1950	\N	89	Drama
tt1370314	movie	Walls Have Ears	Walls Have Ears	0	2008	\N	90	Drama
tt0273507	movie	Conceição	Conceição	0	1960	\N	89	Crime,Thriller
tt11397950	movie	111 671 Balada para um Piano	111 671 Balada para um Piano	0	2019	\N	69	Documentary
tt8759834	movie	Selah and the Spades	Selah and the Spades	0	2019	\N	97	Drama
tt0290137	movie	Au pan coupé	Au pan coupé	0	1968	\N	80	Drama,Romance
tt5124368	movie	Umbriel	Umbriel	0	2015	\N	84	\N
tt1278005	movie	Ayakta kal	Ayakta kal	0	2009	\N	98	Drama
tt4844976	movie	Brute	Brute	0	\N	\N	\N	Action
tt0212440	movie	For Women Only	Portaritratto con signora	0	1989	\N	\N	Drama
tt14399502	movie	Manusher Bagan	Manusher Bagan	0	2020	\N	\N	Drama
tt0304977	movie	L'âme d'une grande dame	L'âme d'une grande dame	0	1955	\N	90	\N
tt5171494	movie	The Tombstone	The Tombstone	0	2016	\N	96	Horror
tt6526666	movie	In der Schwebe	In der Schwebe	0	2015	\N	72	Documentary
tt0033711	movie	Here Comes Happiness	Here Comes Happiness	0	1941	\N	57	Comedy,Romance
tt8031636	movie	Ken Forsse: Come Dream with Me Tonight	Ken Forsse: Come Dream with Me Tonight	0	\N	\N	\N	Documentary
tt8982732	movie	Rajavin Paarvai Raniyin Pakkam	Rajavin Paarvai Raniyin Pakkam	0	2018	\N	132	Drama
tt0008683	movie	To the Death	To the Death	0	1917	\N	\N	Drama
tt4777152	movie	Li'l Scratch	Li'l Scratch	0	1972	\N	87	Documentary
tt0068488	movie	Dirty Weekend	Mordi e fuggi	0	1973	\N	107	Comedy,Crime,Drama
tt0780523	movie	Gernstls Reisen - Auf der Suche nach dem Glück	Gernstls Reisen - Auf der Suche nach dem Glück	0	2006	\N	92	Documentary
tt0325958	movie	No Big Deal	Pas si grave	0	2003	\N	103	Comedy,Drama,Family
tt3114476	movie	Otemba san'nin shimai: Odoru taiyô	Otemba san'nin shimai: Odoru taiyô	0	1957	\N	\N	Musical
tt0014702	movie	Beau Brummel	Beau Brummel	0	1924	\N	135	Drama,History,Romance
tt0308632	movie	Naomi's Birthday Party	Naomi's Birthday Party	0	1963	\N	\N	\N
tt0387071	movie	Bindiya	Bindiya	0	1955	\N	\N	Drama,Family
tt14463598	movie	Trojan Horse	Trojan Horse	0	\N	\N	\N	Action
tt13618756	movie	Dagdi Chawl 2	Dagdi Chawl 2	0	2021	\N	\N	Crime
tt1309184	movie	Musashi: The Dream of the Last Samurai	Miyamoto Musashi: Sôken ni haseru yume	0	2009	\N	72	Action,Animation
tt8853638	movie	Benham Theater: Specters of the Stage	Benham Theater: Specters of the Stage	0	2018	\N	79	Documentary
tt1427099	movie	Pudhiya Vazhkai	Pudhiya Vazhkai	0	1971	\N	\N	\N
tt4846468	movie	Yes No Maybe	Yes No Maybe	0	2015	\N	106	Documentary
tt0037368	movie	This Is the Life	This Is the Life	0	1944	\N	87	Comedy,Drama,Music
tt0014374	movie	A Prince of a King	A Prince of a King	0	1923	\N	\N	\N
tt1690525	movie	The Ace	The Ace	0	1985	\N	\N	\N
tt2200908	movie	Rat Fever	A Febre do Rato	0	2011	\N	110	Drama
tt1857790	movie	In Company with Calliyannis (A Cinematographic Portrait)	Me ton Kalligianni (Kinimatografiko portreto)	0	2011	\N	87	Biography,Documentary
tt0169131	movie	Adjutant to His Highness	Pobocník jeho výsosti	0	1933	\N	77	Comedy
tt1159581	movie	Spy Killer	Spy Killer	0	1967	\N	\N	Action
tt0441180	movie	El depredador voraz	El depredador voraz	0	1995	\N	85	Horror
tt0458052	movie	Patagonia Llunyana. Muntanyes Australs. Fitz Roy	Patagonia Llunyana. Muntanyes Australs. Fitz Roy	0	1979	\N	\N	Documentary
tt5478632	movie	Kaçma Birader	Kaçma Birader	0	2016	\N	107	Comedy
tt0414069	movie	Guduswe	Guduswe	0	1961	\N	\N	Drama
tt3044676	movie	Survivors	Survivors	0	2013	\N	54	\N
tt2569364	movie	Champ of the Camp	Champ of the Camp	0	2013	\N	75	Documentary,Music
tt0023568	movie	Texas Gun Fighter	Texas Gun Fighter	0	1932	\N	63	Action,Drama,Romance
tt7527734	movie	Eggplant Emoji	Eggplant Emoji	0	\N	\N	\N	\N
tt0206231	movie	Qing chang guai ren	Qing chang guai ren	0	1926	\N	\N	\N
tt0275109	movie	The Ugly King	Çirkin Kral	0	1966	\N	62	Adventure
tt1378655	movie	The Devil in the Detail	The Devil in the Detail	0	2009	\N	54	Documentary
tt5812150	movie	Beauty of Their Dreams	Beauty of Their Dreams	0	2016	\N	57	Documentary
tt9061764	movie	The First Motion of the Immovable	Le premier mouvement de l'immobile	0	2018	\N	80	Documentary
tt0031217	movie	Dead Man's Shoes	Dead Man's Shoes	0	1940	\N	70	Drama
tt0095308	movie	Himmelsheim	Himmelsheim	0	1988	\N	89	Comedy
tt0416200	movie	Rubber Jungle	Rubber Jungle	0	1994	\N	90	Documentary
tt1615162	movie	Yaksha 3D	Yaksha	0	\N	\N	\N	Horror,Mystery,Thriller
tt4607894	movie	Early Spring, SAKURAJIMA	Early Spring, SAKURAJIMA	0	2015	\N	88	Drama
tt3055266	movie	Yashû Honnôji	Yashû Honnôji	0	1934	\N	\N	Action
tt0899269	movie	Chinnodu	Chinnodu	0	2006	\N	150	Action,Crime,Drama
tt0383241	movie	Cafe and Tobacco	Cafe and Tobacco	0	2003	\N	90	Comedy,Drama
tt5684434	movie	Dugong Bughaw	Dugong Bughaw	0	1951	\N	\N	Action,Adventure,Fantasy
tt9544522	movie	Untitled Billy Rokos Feature Film	Untitled Billy Rokos Feature Film	0	\N	\N	\N	Crime,Sci-Fi
tt0249131	movie	Rollo and the Woods Sprite	Rölli ja metsänhenki	0	2001	\N	92	Family,Fantasy,Music
tt0237224	movie	Ezhuthapurangal	Ezhuthapurangal	0	1987	\N	\N	Drama
tt0087985	movie	Red Dawn	Red Dawn	0	1984	\N	114	Action,Drama
tt3478858	movie	S2K	S2K	0	\N	\N	\N	Sci-Fi
tt1500724	movie	Kakraki	Kakraki	0	2009	\N	105	Comedy,Drama
tt0027831	movie	Jury's Evidence	Jury's Evidence	0	1936	\N	74	Crime,Drama
tt0227041	movie	Meeting Place	Meeting Place	0	1990	\N	53	Documentary
tt0423489	movie	Een vlieger voor god	Een vlieger voor god	0	1981	\N	\N	Drama
tt3754484	movie	Barbarians at the Gate: Foundation Skateboards	Barbarians at the Gate: Foundation Skateboards	0	1994	\N	\N	Documentary
tt0010350	movie	Let's Elope	Let's Elope	0	1919	\N	50	Comedy
tt2631596	movie	A estas alturas de la vida	A estas alturas de la vida	0	2013	\N	86	Comedy,Crime,Drama
tt0115899	movie	The Cyclone	Il ciclone	0	1996	\N	93	Comedy,Romance
tt0303313	movie	The Business of Fancydancing	The Business of Fancydancing	0	2002	\N	103	Drama,Music
tt7769728	movie	Les Unwanted de Europa	Les Unwanted de Europa	0	2018	\N	111	Drama,History
tt8993400	movie	Shimajirou the Movie: Great Adventure on Magic Island	Shimajirou the Movie: Great Adventure on Magic Island	0	2018	\N	\N	Animation
tt11337372	movie	Amma Naa Kodala	Amma Naa Kodala	0	1995	\N	\N	Family
tt0499440	movie	Bismillah	Bismillah	0	1925	\N	57	Drama,History
tt3456426	movie	Vampires of the Haunted Mansion	Gui wu jiang shi	0	1939	\N	\N	Horror
tt3101100	movie	Go, Stop, Murder	Go, Stop, Murder	0	2013	\N	100	Drama,Fantasy,Sci-Fi
tt4401570	movie	Seacole	Seacole	0	\N	\N	\N	Drama
tt0393951	movie	Virat Parva	Virat Parva	0	1922	\N	\N	\N
tt1274641	movie	Contratempo	Contratempo	0	2008	\N	98	Music
tt6232592	movie	Diving Deep: The Life and Times of Mike deGruy	Diving Deep: The Life and Times of Mike deGruy	0	2019	\N	83	Documentary
tt1531937	movie	The Real Revolutionaries	The Real Revolutionaries	0	2009	\N	89	Documentary,History
tt2081158	movie	Adam's End	Adams Ende	0	2011	\N	81	\N
tt0349994	movie	Pratishodh	Pratishodh	0	1980	\N	109	\N
tt1151453	movie	Devil's Night	Devil's Night	0	\N	\N	\N	Drama
tt0494763	movie	Morgan's Summit	Morgan's Summit	0	\N	\N	\N	Drama
tt0166151	movie	La grande ora: Concilio ecumenico vaticano II	La grande ora: Concilio ecumenico vaticano II	0	1963	\N	76	Documentary
tt15655074	movie	Tottenham Hotspur vs Chelsea	Tottenham Hotspur vs Chelsea	0	2021	\N	95	Adventure
tt0444703	movie	Das verschwundene Haus	Das verschwundene Haus	0	1922	\N	\N	Adventure
tt7651672	movie	Dochuzashi	Dochuzashi	0	1929	\N	\N	Drama
tt5803864	movie	Not Hiding His Eyes	Not Hiding His Eyes	0	2016	\N	52	Documentary
tt0159378	movie	The Demo Crew	The Demo Crew	0	2001	\N	108	Action,Drama,Sport
tt0271356	movie	Adimakal Udamakal	Adimakal Udamakal	0	1987	\N	149	Action,Crime,Drama
tt0437524	movie	Um Intruso no Paraíso	Um Intruso no Paraíso	0	1973	\N	96	Drama
tt0112808	movie	A ba de qing ren	A ba de qing ren	0	1995	\N	115	\N
tt7145146	movie	The Libertines Live @ 12 Bar Club	The Libertines Live @ 12 Bar Club	0	2001	\N	58	Music
tt4699444	movie	The Stopover	Voir du pays	0	2016	\N	102	Drama
tt11132228	movie	Zaya	Zaya	0	\N	\N	\N	Sci-Fi
tt0034475	movie	Asesinato en los estudios	Asesinato en los estudios	0	1946	\N	86	Comedy,Drama,Mystery
tt11701050	movie	Fresh Tracks - The Story of a War Hero, Innovator and Adaptive Skiing Pioneer on an Historic Journey to Create a Movement	Fresh Tracks - The Story of a War Hero, Innovator and Adaptive Skiing Pioneer on an Historic Journey to Create a Movement	0	2019	\N	47	Documentary
tt2760800	movie	A Convenient Truth	A Convenient Truth	0	2014	\N	85	Comedy
tt1311048	movie	Merchant of Shanghai	Merchant of Shanghai	0	\N	\N	\N	Drama
tt11649646	movie	Hillhead	Hillhead	0	\N	\N	83	Comedy
tt1873591	movie	Oru Naal Varum	Oru Naal Varum	0	2010	\N	150	Comedy,Drama
tt10347850	movie	The Island of Wonder and Despair	The Island of Wonder and Despair	0	2023	\N	90	Mystery,Thriller
tt0444503	movie	Tomoshibi	Tomoshibi	0	1954	\N	\N	\N
tt0045615	movie	La cavallina storna	La cavallina storna	0	1953	\N	\N	\N
tt2617590	movie	Bad Ideas	Bad Ideas	0	2012	\N	123	Fantasy,Mystery,Thriller
tt0038159	movie	They Knew Mr. Knight	They Knew Mr. Knight	0	1946	\N	93	Drama
tt3765470	movie	Sorrow for Gold	Sorrow for Gold	0	\N	\N	120	Drama
tt0082441	movie	Gazija	Gazija	0	1981	\N	95	Drama
tt1346269	movie	Expiry Date	Expiry Date	0	2005	\N	72	Comedy,Horror
tt4033322	movie	Heirs	Heirs	0	2015	\N	90	Documentary,Music
tt0183708	movie	Los reyes del sablazo	Los reyes del sablazo	0	1984	\N	90	Comedy
tt8906526	movie	Us and Them	Us and Them	0	\N	\N	102	Drama,War
tt4724924	movie	Batman Untold	Batman Untold	0	2010	\N	46	Action,Adventure,Thriller
tt2637894	movie	Sündige Säuglinge hinter Klostermauern zur Lust verdammt	Sündige Säuglinge hinter Klostermauern zur Lust verdammt	0	2013	\N	125	Documentary
tt0416672	movie	Cómo islas en el tiempo	Cómo islas en el tiempo	0	1975	\N	46	Documentary
tt10247678	movie	Sensation	Sensation	0	2021	\N	96	Mystery,Sci-Fi,Thriller
tt1297928	movie	Everything Strange and New	Everything Strange and New	0	2009	\N	84	Drama
tt3026124	movie	42 Seconds of Happiness	42 Seconds of Happiness	0	2016	\N	95	Comedy,Drama,Family
tt0090262	movie	Le vieillard et l'enfant	Le vieillard et l'enfant	0	1985	\N	52	\N
tt1326226	movie	Humble Beauty: Skid Row Artists	Humble Beauty: Skid Row Artists	0	2013	\N	60	Documentary
tt0037361	movie	That's My Baby!	That's My Baby!	0	1944	\N	68	Comedy,Drama
tt8683064	movie	Dâiseisatsû	Dâiseisatsû	0	1930	\N	\N	Drama
tt3103348	movie	You Wanted the Best... You Got the Best: The Official Kiss Movie	You Wanted the Best... You Got the Best: The Official Kiss Movie	0	\N	\N	\N	Documentary
tt3055172	movie	Kyôkaku Soga	Kyôkaku Soga	0	1934	\N	\N	\N
tt9037578	movie	Hinterland	Hinterland	0	\N	\N	\N	Drama
tt5885628	movie	Sinister Sam: The Menace	Sinister Sam: The Menace	0	2016	\N	146	Comedy
tt3986978	movie	Along for the Ride	Along for the Ride	0	2016	\N	90	Documentary
tt3407316	movie	The Man from Oran	L'Oranais	0	2014	\N	128	Drama,History
tt8467730	movie	I'm Martial IV	I'm Martial IV	0	\N	\N	\N	Action
tt5136686	movie	Skinford	Skinford	0	2017	\N	85	Action,Adventure,Comedy
tt0159319	movie	Calderon	Calderon	0	1981	\N	115	\N
tt7815146	movie	5 Dragons	5 Dragons	0	\N	\N	\N	Drama,History,Thriller
tt2234076	movie	Milano 55,1. Cronaca di una settimana di passioni	Milano 55,1. Cronaca di una settimana di passioni	0	2011	\N	105	Documentary
tt0822802	movie	Death Toll	Death Toll	0	2008	\N	90	Action,Crime,Thriller
tt3759900	movie	Modern Ruin: A World's Fair Pavilion	Modern Ruin: A World's Fair Pavilion	0	2015	\N	78	Documentary,History
tt0251018	movie	Choice Chance Control	Choice Chance Control	0	1987	\N	\N	Comedy,Documentary,Musical
tt6256468	movie	Sarvann	Sarvann	0	2017	\N	116	Thriller
tt3720424	movie	Pyar Ke Jalwe	Pyar Ke Jalwe	0	1989	\N	\N	Romance
tt1636656	movie	Vertigine	Vertigine	0	1917	\N	\N	\N
tt6395918	movie	World War Four	World War Four	0	2019	\N	85	Action,Sci-Fi,Thriller
tt0043682	movie	Ivory Hunter	Where No Vultures Fly	0	1951	\N	107	Adventure,Drama
tt0023120	movie	Law and Lawless	Law and Lawless	0	1932	\N	59	Western
tt5814190	movie	Unverified: The Untold Story Behind the UNC Scandal	Unverified: The Untold Story Behind the UNC Scandal	0	2016	\N	89	Documentary
tt1877749	movie	Rindu purnama	Rindu purnama	0	2011	\N	106	Drama
tt9817122	movie	Bemol	Bemol	0	2018	\N	113	Drama
tt5688842	movie	Star Man 2	Star Man 2	0	2016	\N	59	Action,Adventure,Fantasy
tt14962094	movie	Briscoe Brothers - Sandy Fork Originals	Briscoe Brothers - Sandy Fork Originals	0	2013	\N	\N	Sport
tt2327263	movie	Dial C	Dial C	0	\N	\N	\N	Comedy
tt5778272	movie	Official Selection	Official Selection	0	2016	\N	89	Comedy
tt0158637	movie	The Story of the Long Street	Ghesseye Khyabane Deraz	0	1974	\N	\N	\N
tt0068333	movie	Câncer	Câncer	0	1972	\N	86	Drama
tt10726870	movie	Ôtonosama to suika	Ôtonosama to suika	0	1936	\N	\N	Drama
tt10964708	movie	Minasokô	Minasokô	0	1929	\N	\N	Drama
tt0351483	movie	Në ndihmë të koperativave malore	Në ndihmë të koperativave malore	0	1968	\N	\N	Documentary
tt1758662	movie	Inshallah, football	Inshallah, football	0	2010	\N	80	Documentary,History,Sport
tt4370366	movie	En no kami	En no kami	0	1920	\N	\N	\N
tt5173992	movie	Gurbet	Gurbet	0	1984	\N	\N	Drama
tt0176843	movie	Names	Imena	0	1996	\N	\N	Documentary
tt2134113	movie	Penultimo paesaggio	Penultimo paesaggio	0	2011	\N	\N	Drama
tt0210098	movie	Herstory of Porn: Reel to Real	Herstory of Porn: Reel to Real	1	1999	\N	69	Adult,Documentary,History
tt7403416	movie	Saksi Driver	Saksi Driver	0	2005	\N	\N	Comedy
tt2064773	movie	For Rent	For Rent	0	2011	\N	\N	Drama
tt0237490	movie	Nebesnoe sozdanie	Nebesnoe sozdanie	0	1956	\N	\N	\N
tt0051905	movie	Der Mann, der nicht nein sagen konnte	Der Mann, der nicht nein sagen konnte	0	1958	\N	93	Comedy
tt6765048	movie	Video Blood	Video Blood	0	2016	\N	60	Horror
tt0165618	movie	Almost a Divorce	Almost a Divorce	0	1931	\N	75	Comedy
tt5663390	movie	Expulsion	Expulsion	0	2017	\N	\N	Horror
tt2145745	movie	I'm a Top Prospect	I'm a Top Prospect	0	2011	\N	\N	Sport
tt2968708	movie	Saiqa	Saiqa	0	1968	\N	145	Musical
tt10545474	movie	A Holiday Change	A Holiday Change	0	2019	\N	87	Romance
tt0076263	movie	Killer of Sheep	Killer of Sheep	0	1978	\N	80	Drama
tt4676010	movie	Three Miles North of Molkom	Three Miles North of Molkom	0	\N	\N	\N	Comedy
tt0458201	movie	Weltmarktführer - Die Geschichte des Tan Siekmann	Weltmarktführer - Die Geschichte des Tan Siekmann	0	2004	\N	94	Documentary
tt7496844	movie	Hagyaték	Hagyaték	0	2001	\N	58	\N
tt5130486	movie	Pawel and Wawel	Pawel i Wawel	0	2014	\N	63	Documentary
tt0191916	movie	Il corpo dell'anima	Il corpo dell'anima	0	1999	\N	105	Drama
tt0048161	movie	The People of Hemso	Hemsöborna	0	1955	\N	112	Drama
tt5090570	movie	A Nice Pair of Pants	A Nice Pair of Pants	0	\N	\N	75	Comedy,Romance
tt1254655	movie	Ho Ho Homicidal	Ho Ho Homicidal	0	2009	\N	\N	Horror
tt12264340	movie	Influx	Influx	0	\N	\N	\N	Sci-Fi
tt0129844	movie	O Cortejo Histórico com a Representação de Todas as Colónias Portuguesas em Carros Alegóricos	O Cortejo Histórico com a Representação de Todas as Colónias Portuguesas em Carros Alegóricos	0	1947	\N	\N	Documentary
tt1649288	movie	Biarlah aku pergi	Biarlah aku pergi	0	1971	\N	126	\N
tt5990574	movie	Shifting Sands: On the Path to Sustainability	Shifting Sands: On the Path to Sustainability	0	2016	\N	57	Documentary
tt0132914	movie	David Searching	David Searching	0	1997	\N	101	Drama,Romance
tt2874300	movie	Johnny Games	Johnny Games	0	\N	\N	\N	Action,Crime,Drama
tt0055153	movie	Mother Joan of the Angels	Matka Joanna od Aniolów	0	1961	\N	110	Drama,Horror,Mystery
tt9495582	movie	The Crybby Story	The Crybby Story	0	2018	\N	53	Comedy
tt1175299	movie	The Greatest Plot	Jiang Nan ba da xia	0	1977	\N	\N	Action,Adventure
tt12419974	movie	Teo Hernandez sur Radio Ark en Ciel (Carnet Filmé: 20 juillet 1982)	Teo Hernandez sur Radio Ark en Ciel (Carnet Filmé: 20 juillet 1982)	0	1982	\N	59	Documentary
tt2182085	movie	Kings & Rats	Reis e Ratos	0	2012	\N	110	Comedy,Drama
tt1240906	movie	Body in a Dumpster	Body in a Dumpster	0	2008	\N	\N	Drama,Horror
tt0387057	movie	Beat the Drum	Beat the Drum	0	2003	\N	114	Drama
tt0129324	movie	Reckless Decision	Reckless Decision	0	1933	\N	53	Drama
tt0359438	movie	Huk sa bagong pamumuhay	Huk sa bagong pamumuhay	0	1953	\N	120	Action,Drama
tt0485535	movie	Dil Ka Sauda	Dil Ka Sauda	0	2014	\N	136	Action,Crime,Drama
tt14406438	movie	Come prima	Come prima	0	2021	\N	\N	Drama,Family,History
tt8559708	movie	Wicked Ones	Wicked Ones	0	2020	\N	\N	Horror
tt6411888	movie	Not Guilty	Not Guilty	0	\N	\N	\N	Drama
tt0067868	movie	Angels of Terror	Die Tote aus der Themse	0	1971	\N	89	Crime,Mystery,Thriller
tt0097559	movie	Idomeneo	Idomeneo	0	1991	\N	\N	\N
tt7806674	movie	Roosters in the Dark	Roosters in the Dark	0	\N	\N	\N	\N
tt1225810	movie	La clase	La clase	0	2007	\N	90	Drama
tt0171593	movie	In the Shadow of the Harem	Dans l'ombre du harem	0	1928	\N	\N	Drama
tt12160878	movie	Gyakuten	Gyakuten	0	1927	\N	\N	Drama
tt8892756	movie	Performaniax	Performaniax	0	2019	\N	75	Thriller
tt1327001	movie	Neolithikos politismos	Neolithikos politismos	0	1984	\N	54	Documentary
tt1273654	movie	Brock Enright: Good Times Will Never Be the Same	Brock Enright: Good Times Will Never Be the Same	0	2009	\N	79	Documentary
tt5883468	movie	Swiss Made	Swiss Made	0	\N	\N	100	Drama
tt1394359	movie	Partouzes orientales au harem	Partouzes orientales au harem	1	1994	\N	80	Adult
tt0116752	movie	Drifting Clouds	Kauas pilvet karkaavat	0	1996	\N	97	Comedy,Drama
tt0130023	movie	Iancu Jianu, the Tax Collector	Iancu Jianu, zapciul	0	1981	\N	90	Action,Drama,History
tt10791224	movie	Death of a Business Jerry	Death of a Business Jerry	0	2019	\N	35	Comedy
tt0443090	movie	Küss mich, Prinzessin!	Küss mich, Prinzessin!	0	2005	\N	78	Comedy
tt0408985	movie	Last Holiday	Last Holiday	0	2006	\N	112	Comedy,Romance
tt0087258	movie	Final Justice	Final Justice	0	1984	\N	90	Action,Crime,Drama
tt0352000	movie	Ye er liang kai geting	Ye er liang kai geting	0	1992	\N	\N	Comedy
tt3593674	movie	Tommysaurus Rex	Tommysaurus Rex	0	\N	\N	\N	Fantasy
tt0495887	movie	Het schaduwrijk	Het schaduwrijk	0	1993	\N	92	\N
tt0134428	movie	Can't Beat the Feeling	Can't Beat the Feeling	1	1988	\N	73	Adult
tt1051716	movie	La parálisis cerebral	La parálisis cerebral	0	1999	\N	\N	Documentary
tt1380182	movie	Poruginti Pulla Koora	Poruginti Pulla Koora	0	1976	\N	\N	\N
tt0076524	movie	Paradistorg	Paradistorg	0	1977	\N	113	Drama
tt0126421	movie	My Heart Is Mine Alone	Mein Herz - Niemandem!	0	1997	\N	90	Biography,Drama
tt0331261	movie	Hum Log	Hum Log	0	1951	\N	144	Drama
tt0083888	movie	The Simple-Minded Murderer	Den enfaldige mördaren	0	1982	\N	108	Drama
tt1212083	movie	Ekklisiastiki xyloglyptiki	Ekklisiastiki xyloglyptiki	0	1982	\N	45	Documentary
tt11138294	movie	Da guo chang jiang qu: Towards the river of glorious	Da guo chang jiang qu: Towards the river of glorious	0	2019	\N	99	War
tt0177385	movie	Western Hearts	Western Hearts	0	1921	\N	\N	Western
tt0270884	movie	Christmas Present	Christmas Present	0	1985	\N	70	Comedy,Drama,Family
tt8236836	movie	The Bone Story aka DogYDog	The Bone Story aka DogYDog	0	\N	\N	\N	Animation
tt1634274	movie	Ambition	Ambition	0	\N	\N	\N	Family
tt12785118	movie	Famously Unknown	Famously Unknown	0	\N	\N	\N	Comedy
tt2338038	movie	Rain	Rain	0	2012	\N	84	Documentary
tt0136758	movie	How to Be Single in Rio	Como Ser Solteiro	0	1998	\N	95	Comedy
tt0062528	movie	Zwariowana noc	Zwariowana noc	0	1967	\N	73	Action,Adventure,War
tt0886691	movie	I'm Seducible	I'm Seducible	0	2006	\N	76	Drama
tt9494120	movie	Christian Dilemmas: The Secret History Of The Bible	Christian Dilemmas: The Secret History Of The Bible	0	2017	\N	139	Documentary
tt10662360	movie	Happiness Machine	Happiness Machine	0	2019	\N	74	Animation
tt11275360	movie	Blossom	Blossom	0	\N	\N	\N	Drama
tt3501702	movie	Til Death Do Us Part	Til Death Do Us Part	0	2014	\N	90	Horror,Thriller
tt0137895	movie	The King Goes Forth to France	Kuningas lähtee Ranskaan	0	1986	\N	80	Comedy,Drama,History
tt0019316	movie	The Red Mark	The Red Mark	0	1928	\N	80	Drama
tt14277322	movie	The Blackwell Ghost 5	The Blackwell Ghost 5	0	2020	\N	72	Horror
tt13589392	movie	Arnaldo, Sessenta	Arnaldo, Sessenta	0	2020	\N	\N	Documentary,Music
tt14877940	movie	Life Before Twitter	Life Before Twitter	0	2021	\N	\N	Documentary
tt0255959	movie	Doxobus	Doxobus	0	1987	\N	105	Adventure,Drama
tt3228306	movie	Cautivas	Cautivas	0	2011	\N	46	Biography,Documentary
tt2658656	movie	I Approve This Message	I Approve This Message	0	2015	\N	72	Documentary
tt10188020	movie	Kung Pow Chicken	Kung Pow Chicken	0	2019	\N	82	Animation
tt7681594	movie	Veeraiyan	Veeraiyan	0	2017	\N	\N	Action,Romance
tt1394275	movie	À plein sexe	À plein sexe	1	1977	\N	80	Adult
tt0129278	movie	Orgulho	Orgulho	0	1953	\N	\N	Documentary
tt0291021	movie	Armiya 'Tryasoguzki'	Armiya 'Tryasoguzki'	0	1964	\N	84	Family
tt6273180	movie	Provider	Provider	0	\N	\N	\N	Drama
tt10468860	movie	Thereabouts Colombia	Thereabouts Colombia	0	2017	\N	\N	Documentary
tt2078656	movie	Krisis	Krisis	0	1953	\N	\N	Drama
tt0471818	movie	Divorce Attorney	Mohami khulaa	0	2002	\N	112	Comedy
tt1543281	movie	Feng huo	Feng huo	0	2008	\N	85	Drama,War
tt7645798	movie	A White Lie	A White Lie	0	\N	\N	\N	Biography,Drama,Thriller
tt3812388	movie	Never Forget: Public Memory & 9/11	Never Forget: Public Memory & 9/11	0	2014	\N	82	Documentary,History,News
tt14266190	movie	Kalachakra, A Journey to Enlightenment	Kalachakra, A Journey to Enlightenment	0	2021	\N	60	Documentary
tt0190447	movie	Head On	Head On	0	1988	\N	\N	\N
tt0137502	movie	Un español en la corte del rey Arturo	Un español en la corte del rey Arturo	0	1964	\N	48	History,Musical
tt0279767	movie	Delicesine	Delicesine	0	1976	\N	80	Adventure
tt1886596	movie	Le glaive brisé	Le glaive brisé	0	1998	\N	\N	Documentary
tt0096263	movie	Gunmen	Tin law dei mong	0	1988	\N	87	Action,Drama,Western
tt0050203	movie	Bolond április	Bolond április	0	1957	\N	95	Comedy,Romance
tt0371164	movie	Sandra	Sandra	0	1959	\N	75	Drama,Romance
tt0464632	movie	Roots	Bednye rodstvenniki	0	2005	\N	103	Comedy,Drama
tt0138020	movie	Piata Universitatii - Romania	Piata Universitatii - Romania	0	1991	\N	72	Documentary
tt8362940	movie	Mabat Koev	Mabat Koev	0	1994	\N	93	Drama
tt14307934	movie	The 7th Chakra	The 7th Chakra	0	\N	\N	\N	Thriller
tt0030518	movie	Old Bones of the River	Old Bones of the River	0	1938	\N	90	Comedy
tt3365380	movie	Pause	Pause	0	2014	\N	108	Comedy
tt11286640	movie	Nowhere Special	Nowhere Special	0	2020	\N	96	Drama
tt7062504	movie	Uvies Princess of the Night	Uvies Princess of the Night	0	2018	\N	\N	Drama
tt0292004	movie	Firefly Dreams	Ichiban utsukushî natsu	0	2001	\N	105	Drama
tt2392654	movie	L'ariamara	L'ariamara	0	2005	\N	\N	Action,Crime,Drama
tt0023736	movie	Acciaio	Acciaio	0	1933	\N	67	Drama
tt0249061	movie	Nothing Counts But Love	Nothing Counts But Love	0	1952	\N	\N	\N
tt0315176	movie	The American Shame	The American Shame	0	2001	\N	\N	\N
tt7253506	movie	Joan Didion: The Center Will Not Hold	Joan Didion: The Center Will Not Hold	0	2017	\N	94	Documentary
tt0046899	movie	Demetrius and the Gladiators	Demetrius and the Gladiators	0	1954	\N	101	Action,Drama,History
tt11535212	movie	Les Lions de Cannes 2018: Les meilleures publicités au monde	Les Lions de Cannes 2018: Les meilleures publicités au monde	0	2018	\N	100	\N
tt0194794	movie	From My Neighborhood with Love	De mi barrio con amor	0	1996	\N	100	Comedy,Romance
tt0178544	movie	H2S	H2S	0	1969	\N	85	Drama,Sci-Fi
tt3169456	movie	Creedmoria	Creedmoria	0	2016	\N	90	Comedy,Drama
tt1665418	movie	Dorfman in Love	Dorfman	0	2011	\N	92	Comedy,Drama,Romance
tt1340628	movie	Young Widow: Naked in the Memorial Playground	Young Widow: Naked in the Memorial Playground	0	2008	\N	61	Documentary
tt11355208	movie	O	O	0	2019	\N	\N	Horror
tt0169762	movie	Dialogue 20-40-60	Dialóg 20-40-60	0	1968	\N	78	Drama
tt0119330	movie	Hundred Percent	Hundred Percent	0	1998	\N	103	Comedy
tt0338020	movie	The Face at the Window	The Face at the Window	0	2004	\N	\N	Drama
tt2041381	movie	Isn't It Delicious	Isn't It Delicious	0	2013	\N	104	Comedy,Drama
tt0781382	movie	Gentleman Jack et la crise du charbon	Gentleman Jack et la crise du charbon	0	1922	\N	\N	\N
tt0199442	movie	Da luo jian xia	Da luo jian xia	0	1970	\N	78	Action
tt6258462	movie	The Blockbusters	The Blockbusters	0	\N	\N	\N	Adventure,Comedy
tt0024647	movie	The Telegraph Trail	The Telegraph Trail	0	1933	\N	54	Action,Adventure,Romance
tt15485250	movie	Bagong paligo	Bagong paligo	0	2013	\N	60	Drama
tt0340116	movie	Fo guang xia ying	Fo guang xia ying	0	1990	\N	\N	Thriller
tt4410722	movie	Modern Nature	Modern Nature	0	2015	\N	48	Documentary,History,Music
tt0880654	movie	Von Kirschen und anderen Dingen	Von Kirschen und anderen Dingen	0	2004	\N	58	Documentary
tt4019644	movie	Thewada Doen Din	Thewada Doen Din	0	1975	\N	\N	Thriller
tt0287618	movie	Pink Salon: 'We're Waiting for You with Tissue Paper'	Osawari salon: Oshibori de omachishimasu	0	1977	\N	70	Drama
tt1132141	movie	The Campus	The Campus	0	2005	\N	\N	Crime,Drama,Romance
tt4335060	movie	Survival of a Small City	Survival of a Small City	0	1987	\N	58	Documentary
tt1105747	movie	Yuvvraaj	Yuvvraaj	0	2008	\N	151	Comedy,Drama,Musical
tt0373930	movie	Mi piace lavorare (Mobbing)	Mi piace lavorare (Mobbing)	0	2004	\N	89	Drama
tt0046880	movie	Cronaca di un delitto	Cronaca di un delitto	0	1953	\N	\N	Crime,Drama,Thriller
tt0240470	movie	Los Díaz de Doris	Los Díaz de Doris	0	1999	\N	102	Drama
tt2526462	movie	Erroll Garner: No One Can Hear You Read	Erroll Garner: No One Can Hear You Read	0	2012	\N	53	Documentary
tt2094749	movie	9 to 12	9 to 12	0	2011	\N	115	Drama,Musical,Thriller
tt11785762	movie	Tattooed She-Killer	Tattooed She-Killer	0	1999	\N	\N	Action
tt0286664	movie	Gudgudee	Gudgudee	0	1997	\N	138	Musical,Romance
tt4378688	movie	Diamonds High	Diamonds High	0	1988	\N	80	Action
tt1864302	movie	Die schönste Nebensache der Welt	Die schönste Nebensache der Welt	0	2009	\N	56	Documentary,Sport
tt10217226	movie	Cuadras Largas	Cuadras Largas	0	2019	\N	\N	Thriller
tt9158346	movie	The Itch	The Itch	0	2018	\N	\N	Comedy
tt9827998	movie	Pearl Part 2	Pearl Part 2	0	2019	\N	\N	Thriller
tt0365737	movie	Syriana	Syriana	0	2005	\N	128	Drama,Thriller
tt15046690	movie	Blood Resurrection	Blood Resurrection	0	2021	\N	\N	Mystery
tt3180402	movie	Getting Schooled	Getting Schooled	0	2017	\N	83	Comedy,Horror
tt0014846	movie	A Desperate Chance	A Desperate Chance	0	1925	\N	\N	Western
tt0232529	movie	Reporter Raju	Reporter Raju	0	1962	\N	138	Action,Crime,Drama
tt4628848	movie	Damned Oasis	Damned Oasis	0	\N	\N	\N	Horror
tt9335972	movie	When Wrestling Was Real III	When Wrestling Was Real III	0	\N	\N	\N	Action
tt0249769	movie	Love Is Madness	Lyubovta e ludost	0	1917	\N	56	Comedy
tt1721108	movie	Tigry na ldu	Tigry na ldu	0	1971	\N	80	Family
tt7957608	movie	One Million American Dreams	One Million American Dreams	0	2018	\N	90	Documentary
tt12481312	movie	Autopsie d'une interview à Dubaï (Carnet Filmé: 12 et 13 avril 2012)	Autopsie d'une interview à Dubaï (Carnet Filmé: 12 et 13 avril 2012)	0	2012	\N	66	Documentary
tt0231415	movie	Dada	Dada	0	1966	\N	\N	Action,Crime,Thriller
tt0011886	movie	Wuthering Heights	Wuthering Heights	0	1920	\N	90	Drama
tt0350050	movie	Revenge of the Unhappy Campers	Revenge of the Unhappy Campers	0	2002	\N	102	Comedy,Horror,Thriller
tt0049448	movie	Law of the Streets	La loi des rues	0	1956	\N	100	Drama
tt14700694	movie	Les Silencieuses	Les Silencieuses	0	2020	\N	\N	Drama
tt13133674	movie	Ruth	Ruth	0	\N	\N	\N	Action
tt13022272	movie	El Karaoke	El Karaoke	0	2022	\N	\N	Horror
tt5955586	movie	The Unclaimed	The Unclaimed	0	\N	\N	\N	Horror
tt1455114	movie	Joyful Life	Joyful Life	0	2006	\N	54	Documentary
tt14111282	movie	Tochi Ek Samrat	Tochi Ek Samrat	0	2000	\N	\N	Drama
tt0336522	movie	O Grande Slam	O Grande Slam	0	1984	\N	\N	Fantasy
tt1466897	movie	Chikara yo hibike	Chikara yo hibike	0	1921	\N	\N	\N
tt0140570	movie	Murder on the Road	Step on It	0	1936	\N	57	Action,Drama,Romance
tt0490122	movie	Die Egoisten. Die reich heiraten wollen	Die Egoisten. Die reich heiraten wollen	0	1924	\N	\N	\N
tt5320124	movie	Everything Is Wonderful	Everything Is Wonderful	0	2017	\N	79	Comedy,Drama
tt2381377	movie	Vain	Vain	0	\N	\N	\N	Horror
tt0442834	movie	What Comes Around	Sen edestään löytää	0	2005	\N	75	Documentary,Drama
tt7227308	movie	Alles Andere zeigt die Zeit	Alles Andere zeigt die Zeit	0	2015	\N	95	Documentary
tt1801110	movie	The Museum of the Weird	The Museum of the Weird	0	\N	\N	\N	Fantasy
tt7153466	movie	sti xagi kai sti feksi o stolos sas na feksei	sti xagi kai sti feksi o stolos sas na feksei	0	1998	\N	\N	\N
tt0144642	movie	To Die Quietly	To Die Quietly	0	1997	\N	\N	\N
tt2072065	movie	Black Smoke Rising	Black Smoke Rising	0	2012	\N	103	Drama
tt2100449	movie	Girls Gone Wild: All New College Girls Exposed Vol 6	Girls Gone Wild: All New College Girls Exposed Vol 6	1	2009	\N	\N	\N
tt1235855	movie	A Mysterious World	Un mundo misterioso	0	2011	\N	107	Drama
tt0105233	movie	Remington	Remington	0	1988	\N	80	Drama
tt0375116	movie	The World's Greatest Monster	Svjetsko cudoviste	0	2003	\N	72	Drama
tt6546996	movie	Before They Act	Before They Act	0	\N	\N	\N	\N
tt0236461	movie	Maangamizi: The Ancient One	Maangamizi: The Ancient One	0	2001	\N	110	Drama
tt6613952	movie	Encounter	Encounter	0	2018	\N	92	Drama,Sci-Fi
tt3267194	movie	The Immortalists	The Immortalists	0	2014	\N	78	Documentary,Drama
tt9515740	movie	Kronin	Kronin	0	\N	\N	\N	Horror
tt11147294	movie	It's Me	It's Me	0	2020	\N	\N	Documentary,Drama,War
tt0039897	movie	Things Happen at Night	Things Happen at Night	0	1948	\N	79	Comedy,Horror
tt1189893	movie	Ilya and the Robber	Ilya Muromets i Solovey Razboynik	0	2007	\N	80	Adventure,Animation,Comedy
tt0085687	movie	Horizons	Omnisphere	0	1983	\N	\N	\N
tt0076824	movie	Tigres de papel	Tigres de papel	0	1977	\N	93	Comedy,Drama
tt8668670	movie	Rise - Dharuriser	Rise - Dharuriser	0	2019	\N	119	Action,Drama,Family
tt6923782	movie	Never Again a Tomorrow	Aldrig mere i morgen	0	2017	\N	96	Drama
tt0170325	movie	The Illustrated Guide	Obrazový prùvodce	0	1960	\N	\N	Documentary
tt0266916	movie	Rußlandbilder	Rußlandbilder	0	1994	\N	\N	Documentary
tt0034349	movie	Az utolsó dal	Az utolsó dal	0	1942	\N	74	\N
tt0867411	movie	Ranchero	Ranchero	0	2008	\N	95	Crime,Drama
tt0241030	movie	Das verliebte Hotel	Das verliebte Hotel	0	1933	\N	86	\N
tt1759734	movie	Sawdust City	Sawdust City	0	2011	\N	97	Drama
tt1172998	movie	Hurricane Season	Hurricane Season	0	2009	\N	102	Drama,Sport
tt0056817	movie	An Alibi for Death	Ein Alibi zerbricht	0	1963	\N	97	Crime,Drama
tt0074991	movie	Obsession	Obsession	0	1976	\N	98	Drama,Mystery,Thriller
tt10133676	movie	Raja Mariyathai	Raja Mariyathai	0	1987	\N	\N	Drama
tt8582352	movie	Barbacana, on the Trail of the Wolf	Barbacana, la huella del lobo	0	2018	\N	75	Documentary
tt7901246	movie	Goodbye... And Goodnight	Goodbye... And Goodnight	0	2018	\N	70	Documentary
tt6436726	movie	7500	7500	0	2019	\N	93	Action,Drama,Thriller
tt0130632	movie	Double Action Daniels	Double Action Daniels	0	1925	\N	\N	Western
tt1562384	movie	Murakami kîken	Murakami kîken	0	1917	\N	\N	\N
tt0280807	movie	Kadinlar hayir derse	Kadinlar hayir derse	0	1975	\N	66	Comedy,Romance
tt14562588	movie	A Vingança de um Tropeiro	A Vingança de um Tropeiro	0	2016	\N	\N	Western
tt3322516	movie	Marriage Is for the Byrds	Marriage Is For The Byrds	0	\N	\N	90	Comedy
tt14840200	movie	Karma Cafe	Karma Cafe	0	2021	\N	130	Comedy,Drama
tt1808474	movie	Sinister Visions	Sinister Visions	0	2013	\N	85	Fantasy,Horror,Thriller
tt11093092	movie	Vuelve a la vida	Vuelve a la vida	0	\N	\N	\N	Comedy,Drama
tt0337668	movie	Magnus Opus	Magnus Opus	0	2003	\N	99	Comedy,Drama
tt0061633	movie	Strange Voyage	El extraño viaje	0	1964	\N	92	Comedy,Crime
tt0486649	movie	Sex and Guilt	Sex and Guilt	0	2005	\N	82	Comedy,Drama
tt2199735	movie	Da Vinci Code Exposed: What They Don't Want You to Know	Da Vinci Code Exposed: What They Don't Want You to Know	0	2011	\N	250	Documentary
tt0251412	movie	Stageghost	Stageghost	0	2000	\N	104	Thriller,Western
tt0090086	movie	The Strange Case of Dr. Jekyll and Mr. Hyde	Strannaya istoriya doktora Dzhekila i mistera Khayda	0	1986	\N	92	Mystery,Sci-Fi
tt4128474	movie	Sycamore	Sycamore	0	2015	\N	97	Comedy,Drama,Romance
tt4481480	movie	Deborah	Deborah	0	\N	\N	\N	Action,Drama,History
tt1617085	movie	Actor's Life	Actor's Life	0	\N	\N	\N	Documentary,Drama
tt15832390	movie	Corazón de Padre	Corazón de Padre	0	2022	\N	\N	Documentary
tt4191958	movie	Art of the Fantastic: A Journey Into Creation	Art of the Fantastic: A Journey Into Creation	0	2020	\N	61	Biography,Documentary,Fantasy
tt14126610	movie	Quo Vadis? I	Quo Vadis? I	0	2020	\N	86	Biography
tt7549450	movie	Ghat Ghat Ka Paani	Ghat Ghat Ka Paani	0	2017	\N	68	Documentary
tt12879768	movie	Miracle Comeback: The Story of Brandon G	Miracle Comeback: The Story of Brandon G	0	\N	\N	\N	Drama
tt10080270	movie	Killing Sarai	En Brazos de un Asesino	0	2019	\N	106	Romance,Thriller
tt1842508	movie	The Message	The Message	0	2011	\N	94	Drama,Family,Mystery
tt0465472	movie	The Gerson Miracle	The Gerson Miracle	0	2004	\N	91	Documentary
tt0258066	movie	Quando as Mulheres Querem Provas	Quando as Mulheres Querem Provas	0	1975	\N	90	Comedy
tt1966575	movie	Sole Survivor	Sole Survivor	0	2013	\N	91	Documentary
tt3509174	movie	Karishma: Jamal Tree	Karishma: Jamal Tree	0	1982	\N	\N	Drama
tt0103219	movie	Vne	Vne	0	1991	\N	125	Drama
tt14939152	movie	Prospect House	Prospect House	0	\N	\N	\N	Thriller
tt13325550	movie	Go, Cat, Go!	Go, Cat, Go!	0	\N	\N	\N	Documentary
tt0170118	movie	Konecná stanice	Konecná stanice	0	1981	\N	83	Drama
tt14949622	movie	Flunk: The Exchange	Flunk: The Exchange	0	2021	\N	105	Drama
tt1055362	movie	American Harmony	American Harmony	0	2009	\N	86	Documentary,Music
tt0035736	movie	China poblana	China poblana	0	1944	\N	92	Drama
tt7383482	movie	Das kleine Welttheater	Das kleine Welttheater	0	1970	\N	\N	Documentary
tt6361988	movie	2015 Dancing Dolls a Christmas Story	2015 Dancing Dolls a Christmas Story	0	2015	\N	\N	Family
